"Table 1. Average Annual Family Income, by Per Capita Income Decile Class and by Region, Province and HUCs: 2018, 2021 and 2023p",,,,,,,,,,,,,,,,,,,,,,,,,,,,,,,,,,,,,,,,,,,,,,,,,,,,,,,
Region/Province/HUC,2018,,,,,,,,,,,2021,,,,,,,,,,,2023,,,,,,,,,,,Percent Change (2018 to 2021),,,,,,,,,,,Percent Change (2021 to 2023),,,,,,,,,,
,(In thousands),,,,,,,,,,,(In thousands),,,,,,,,,,,(In thousands),,,,,,,,,,,(In percent),,,,,,,,,,,(In percent),,,,,,,,,,
,All Income Groups,1st Decile,2nd Decile,3rd Decile,4th Decile,5th Decile,6th Decile,7th Decile,8th Decile,9th Decile,10th Decile,All Income Groups,1st Decile,2nd Decile,3rd Decile,4th Decile,5th Decile,6th Decile,7th Decile,8th Decile,9th Decile,10th Decile,All Income Groups,1st Decile,2nd Decile,3rd Decile,4th Decile,5th Decile,6th Decile,7th Decile,8th Decile,9th Decile,10th Decile,All Income Groups,1st Decile,2nd Decile,3rd Decile,4th Decile,5th Decile,6th Decile,7th Decile,8th Decile,9th Decile,10th Decile,All Income Groups,1st Decile,2nd Decile,3rd Decile,4th Decile,5th Decile,6th Decile,7th Decile,8th Decile,9th Decile,10th Decile
,,,,,,,,,,,,,,,,,,,,,,,,,,,,,,,,,,,,,,,,,,,,,,,,,,,,,,,
PHILIPPINES,313.45,113.58,144.45,168.16,197.33,225.1,262.6,308.34,370.83,475.95,867.63,307.19,116.02,152.14,175.86,202.66,227.68,261.78,302.94,361.62,457.16,813.91,353.23,143.28,182.61,208.43,241.18,272.09,308.69,351.73,416.23,512.54,895.47,-2,2.2,5.3,4.6,2.7,1.2,-0.3,-1.8,-2.5,-4,-6.2,15,23.5,20,18.5,19,19.5,17.9,16.1,15.1,12.1,10
,,,,,,,,,,,,,,,,,,,,,,,,,,,,,,,,,,,,,,,,,,,,,,,,,,,,,,,
NATIONAL CAPITAL REGION,460.38,211.23,264.88,304.66,336.71,374.69,410.81,471.34,522.18,636.06,1071.24,417.85,219.71,261.44,294.7,322.44,356.76,382.93,423,483.35,535.24,898.37,513.52,260.06,323.17,352.3,390.67,426.1,468.61,518.02,574.27,645.14,1176.55,-9.2,4,-1.3,-3.3,-4.2,-4.8,-6.8,-10.3,-7.4,-15.9,-16.1,22.9,18.4,23.6,19.6,21.2,19.4,22.4,22.5,18.8,20.5,31
NCR I,,,,,,,,,,,,,,,,,,,,,,,,,,,,,,,,,,,,,,,,,,,,,,,,,,,,,,,
City of Manila,423.15,198.6,257.87,301.58,353.09,352.24,406.58,453.03,490.61,553.01,864.25,413.68,259.4,289.79,308.81,350.02,371.01,379.13,435.2,471.94,537.82,732.6,482.79,237.11,328.27,363.72,395.19,407.63,446.57,502.23,596.65,612.17,935.19,-2.2,30.6,12.4,2.4,-0.9,5.3,-6.8,-3.9,-3.8,-2.8,-15.2,16.7,-8.6,13.3,17.8,12.9,9.9,17.8,15.4,26.4,13.8,27.7
NCR II,,,,,,,,,,,,,,,,,,,,,,,,,,,,,,,,,,,,,,,,,,,,,,,,,,,,,,,
City of Mandaluyong,666.56,233.6,303.73,336.5,404.25,412.36,495.74,549.35,659.75,900.93,2368.44,476.56,304.96,322.88,338.81,396.88,411.17,453.34,466.98,563.35,592.16,912.87,666.02,336.93,398.45,474.95,469.4,528.76,574.47,644.76,804.87,888.27,1533.5,-28.5,30.6,6.3,0.7,-1.8,-0.3,-8.6,-15,-14.6,-34.3,-61.5,39.8,10.5,23.4,40.2,18.3,28.6,26.7,38.1,42.9,50,68
City of San Juan,588.49,231.43,314.65,334.81,372.2,457.5,483.83,571.02,556.36,713.7,1842.76,549.37,306.06,323.34,425.74,405.76,510.69,435.78,590.75,562.73,712.08,1211.96,842.81,328.65,488.36,514.95,519.8,628.18,664.25,788.83,809.56,1328.18,2149.94,-6.7,32.3,2.8,27.2,9,11.6,-9.9,3.5,1.2,-0.2,-34.2,53.4,7.4,51,21,28.1,23,52.4,33.5,43.9,86.5,77.4
Quezon City,478.68,228.52,278.03,290.37,334.04,377.74,419.58,505.7,560.53,716.55,1069.76,429.28,235.04,260.92,306.02,323.36,374.82,368.07,425.8,481.69,531.83,983.42,480.7,275.73,336.15,334.79,389.89,410.46,423.1,494.21,554.9,597.53,986.46,-10.3,2.9,-6.2,5.4,-3.2,-0.8,-12.3,-15.8,-14.1,-25.8,-8.1,12,17.3,28.8,9.4,20.6,9.5,15,16.1,15.2,12.4,0.3
City of Marikina,475.24,212.97,246.61,294.85,348.58,386.81,415.36,481.38,587.58,668.25,1110.49,482.95,227.43,279.52,350.04,380.41,373.31,416.11,485.79,570.31,654.03,1087.78,556.55,284.94,338.28,352.99,417.49,470.67,506.54,590.68,617.25,753.1,1230.6,1.6,6.8,13.3,18.7,9.1,-3.5,0.2,0.9,-2.9,-2.1,-2.1,15.2,25.3,21,0.8,9.8,26.1,21.7,21.6,8.2,15.2,13.1
City of Pasig,451.83,207.05,263.17,322.21,342.13,391.73,418.54,460.94,552.93,599.38,959.62,429.92,217.37,261.76,297.48,340.55,380.54,399.76,427.1,521.46,535.22,914.24,590.37,259.23,323.46,388.81,413.15,498.51,544.37,626.57,612.06,755.91,1478.88,-4.9,5,-0.5,-7.7,-0.5,-2.9,-4.5,-7.3,-5.7,-10.7,-4.7,37.3,19.3,23.6,30.7,21.3,31,36.2,46.7,17.4,41.2,61.8
NCR III,,,,,,,,,,,,,,,,,,,,,,,,,,,,,,,,,,,,,,,,,,,,,,,,,,,,,,,
City of Caloocan,371.46,181.79,232.6,248.21,306.66,326.9,353.1,373.78,444.55,511.57,734.58,334.58,192.7,224.29,246.94,272.92,296.7,326.43,353.84,384.75,465.38,580.38,393.24,249.36,286.4,297.23,344.11,373.98,391.41,436.99,461.83,483.91,606.06,-9.9,6,-3.6,-0.5,-11,-9.2,-7.6,-5.3,-13.5,-9,-21,17.5,29.4,27.7,20.4,26.1,26.1,19.9,23.5,20,4,4.4
City of Malabon,357.8,210.44,259.32,270.88,301.53,298.82,335.85,370.2,441.04,471.96,617.92,350.28,207.42,240.77,257.47,280.9,314.24,363.46,373.17,410.68,421.75,631.5,380.6,234.69,261.36,296.75,319.68,331.54,397.84,412.9,402.87,520.08,626.51,-2.1,-1.4,-7.2,-5,-6.8,5.2,8.2,0.8,-6.9,-10.6,2.2,8.7,13.2,8.6,15.3,13.8,5.5,9.5,10.7,-1.9,23.3,-0.8
City of Navotas,354.76,185.37,211.91,254.02,282.05,309.95,340.59,390.01,388.52,421.7,762.79,327.42,213.79,244.8,263.94,283.72,287.88,329.86,349.21,367,396.67,536.33,336.98,231.31,252.14,302.14,289.05,310.39,337.73,352.11,370.86,435.88,487.13,-7.7,15.3,15.5,3.9,0.6,-7.1,-3.2,-10.5,-5.5,-5.9,-29.7,2.9,8.2,3,14.5,1.9,7.8,2.4,0.8,1.1,9.9,-9.2
City of Valenzuela,369.33,212.57,263.84,265.46,313.37,323.04,384.17,370.89,411.39,462.37,686.31,370.89,204.51,242.51,270.68,311.89,312.94,339.85,409.29,439.37,549.91,625.53,403.07,257.05,279.32,300.25,345.87,395.58,421.79,428.85,476.51,468.47,655.85,0.4,-3.8,-8.1,2,-0.5,-3.1,-11.5,10.4,6.8,18.9,-8.9,8.7,25.7,15.2,10.9,10.9,26.4,24.1,4.8,8.5,-14.8,4.9
NCR IV,,,,,,,,,,,,,,,,,,,,,,,,,,,,,,,,,,,,,,,,,,,,,,,,,,,,,,,
City of Las Piñas,515.19,228.58,294.93,352.93,381.96,434.52,466.85,565.11,578.3,832.03,1017.15,414.53,212.26,251.5,290.78,317.47,355.73,414.59,429.17,490.51,555.31,826.1,594.93,301.84,368.31,408.64,457.64,552.69,561.19,599.59,732.04,864.9,1099,-19.5,-7.1,-14.7,-17.6,-16.9,-18.1,-11.2,-24.1,-15.2,-33.3,-18.8,43.5,42.2,46.4,40.5,44.2,55.4,35.4,39.7,49.2,55.8,33
City of Muntinlupa,461.38,222.46,266.83,300.56,316.18,361.54,381.66,457.1,479.43,622.94,1204.94,399.4,213.52,256.54,289.14,295.1,350.09,387.39,421.13,523.39,533.41,723.26,506.18,320.13,360.12,392.11,428.51,430.52,504.89,515.47,539.63,642.26,926.57,-13.4,-4,-3.9,-3.8,-6.7,-3.2,1.5,-7.9,9.2,-14.4,-40,26.7,49.9,40.4,35.6,45.2,23,30.3,22.4,3.1,20.4,28.1
City of Parañaque,521.16,228.97,297.67,355.93,374.94,447.81,447.64,536,596.11,836.08,1087.85,477.67,216.06,268.33,311.67,315.22,373.77,379.88,467.24,537.38,665.05,1232.87,556.45,292.7,346.87,365.91,438.82,471.71,487.11,570.1,586.8,696.6,1305.96,-8.4,-5.6,-9.9,-12.4,-15.9,-16.5,-15.1,-12.8,-9.9,-20.5,13.3,16.5,35.5,29.3,17.4,39.2,26.2,28.2,22,9.2,4.7,5.9
Pasay City,429.85,214.74,266.32,309.36,371.29,405.7,387.73,479.97,538.19,612.23,712.74,393.06,199.2,240.16,286.06,312.24,361.82,378.28,428.11,499.61,509.89,712.81,477.31,290.61,328.04,356.43,404.18,461.21,490.03,519.58,565.5,569.28,783.94,-8.6,-7.2,-9.8,-7.5,-15.9,-10.8,-2.4,-10.8,-7.2,-16.7,0,21.4,45.9,36.6,24.6,29.4,27.5,29.5,21.4,13.2,11.7,10
City of Makati,651.4,267.45,362.25,418.84,465.56,494.72,509.86,636.98,737.72,827.44,1797.86,579.57,243.55,329.28,374.22,443.42,412.15,548.25,534.04,563.09,659.54,1679.45,799.54,295.07,379.94,482.22,516.77,556.55,617.96,689.57,761.76,887.81,2799.99,-11,-8.9,-9.1,-10.7,-4.8,-16.7,7.5,-16.2,-23.7,-20.3,-6.6,38,21.2,15.4,28.9,16.5,35,12.7,29.1,35.3,34.6,66.7
Pateros,437.85,199.42,249.44,312.51,383.44,413.6,403.86,465.67,545.49,574.7,828.98,360.18,197.28,265.73,263.62,305.3,346.3,359.71,419.82,438.62,452.71,548.23,504.77,249.26,311.12,344.23,418.58,469.24,499.84,518.34,589.07,723.67,916.84,-17.7,-1.1,6.5,-15.7,-20.4,-16.3,-10.9,-9.9,-19.6,-21.2,-33.9,40.1,26.4,17.1,30.6,37.1,35.5,39,23.5,34.3,59.9,67.2
City of Taguig,428.62,215.52,280.22,323.09,333.58,356.2,417.32,482.81,524.36,535.51,818.99,376.13,202.38,258.41,273.91,313.18,314.5,347.53,398.34,423.54,512.56,714.71,519.6,235.87,299.77,355.25,380.27,407.2,489.41,501.67,593,653.55,1274.85,-12.3,-6.1,-7.8,-15.2,-6.1,-11.7,-16.7,-17.5,-19.2,-4.3,-12.7,38.1,16.6,16,29.7,21.4,29.5,40.8,25.9,40,27.5,78.4
,,,,,,,,,,,,,,,,,,,,,,,,,,,,,,,,,,,,,,,,,,,,,,,,,,,,,,,
CAR - CORDILLERA ADMINISTRATIVE REGION,353.92,119.57,157.9,186.87,206.44,235.46,284.99,343.25,410.48,553.14,1040.8,350.43,140.08,179.6,206.24,229.97,256.08,291.71,328.13,393.7,510.59,966.96,359.24,176.56,216.08,243.82,267.08,285.25,337.87,378.64,436.72,494.85,755.17,-1,17.2,13.7,10.4,11.4,8.8,2.4,-4.4,-4.1,-7.7,-7.1,2.5,26,20.3,18.2,16.1,11.4,15.8,15.4,10.9,-3.1,-21.9
Abra,237.61,92.9,124.43,137.54,152.19,190.83,197.32,214.8,275.54,347.01,643.92,264.59,120.57,144.68,157.42,187.11,192.75,212.4,232.9,270.11,370.81,754.42,274.21,141.39,182.15,191.33,214.83,230.19,230.69,265.72,290.61,359.89,633.86,11.4,29.8,16.3,14.5,22.9,1,7.6,8.4,-2,6.9,17.2,3.6,17.3,25.9,21.6,14.8,19.4,8.6,14.1,7.6,-2.9,-16
Benguet (Excluding City of Baguio),355.21,122.27,170.97,198.27,222.64,265.38,293.23,332.4,397.8,513.77,1035.71,324.49,131.46,172.53,201.44,230.92,238.7,278.13,315.45,364.29,449.55,860.75,342.89,170.18,219.84,254.11,273.26,295.91,344.34,380.32,405.45,453.75,630.13,-8.7,7.5,0.9,1.6,3.7,-10.1,-5.2,-5.1,-8.4,-12.5,-16.9,5.7,29.5,27.4,26.2,18.3,24,23.8,20.6,11.3,0.9,-26.8
City of Baguio,499.48,170.29,232.25,275.61,351.04,410.35,443.98,476.98,645.3,727.66,1261.29,454.47,189.45,256.43,297.06,335.22,348.73,377.34,456.29,517.12,593.68,1171.67,443.2,243.48,287.23,347.61,385.73,400.65,451.94,496.52,547.66,517.46,751.3,-9,11.3,10.4,7.8,-4.5,-15,-15,-4.3,-19.9,-18.4,-7.1,-2.5,28.5,12,17,15.1,14.9,19.8,8.8,5.9,-12.8,-35.9
Ifugao,313.07,144.33,171.68,202.64,200.6,199.87,243.5,276.36,320.75,465.62,906.82,329.24,142.27,190.91,196.84,233.46,239.5,277.22,308.64,367.95,489.57,843.82,322.19,177.07,211.39,234.06,225.87,246.5,257.15,273.64,321.44,421.35,850.94,5.2,-1.4,11.2,-2.9,16.4,19.8,13.9,11.7,14.7,5.1,-7,-2.1,24.5,10.7,18.9,-3.3,2.9,-7.2,-11.3,-12.6,-13.9,0.8
Kalinga,363.39,137.81,171.46,194.33,220.59,234.71,257.17,315.12,393.48,511.23,1197.75,409.66,161.54,195.49,233.69,245.09,259.93,289.47,377.31,448.79,573.31,1309.03,391.39,216.06,243.97,268.44,292.2,300.76,335.45,388.51,406.48,533.41,925.77,12.7,17.2,14,20.3,11.1,10.7,12.6,19.7,14.1,12.1,9.3,-4.5,33.8,24.8,14.9,19.2,15.7,15.9,3,-9.4,-7,-29.3
Mountain Province,254.56,116.16,132.25,147.68,158.79,172.61,183.25,201.73,282.99,367.13,783.91,274.43,133.08,164.24,176.71,191.52,201.07,219.07,247.78,286.14,355.71,766.74,312.73,183.62,199.61,219.17,225.96,240.57,243.26,304.38,338.53,430.37,739.74,7.8,14.6,24.2,19.7,20.6,16.5,19.6,22.8,1.1,-3.1,-2.2,14,38,21.5,24,18,19.7,11,22.8,18.3,21,-3.5
Apayao,250.23,90.7,124.04,140.24,157.79,171.06,190.07,213.4,261.93,358.8,794.08,307.15,144.65,179.9,193.91,216.93,227.6,247.81,259.16,305.86,428.85,864.43,374.14,172.98,196.34,212.61,233.91,257.58,259.02,351.24,391.36,494.63,1162.24,22.8,59.5,45,38.3,37.5,33.1,30.4,21.4,16.8,19.5,8.9,21.8,19.6,9.1,9.6,7.8,13.2,4.5,35.5,28,15.3,34.5
,,,,,,,,,,,,,,,,,,,,,,,,,,,,,,,,,,,,,,,,,,,,,,,,,,,,,,,
REGION I - ILOCOS REGION,286.98,136.68,171.24,185.85,209.81,205.77,246.83,267,309.56,411.67,725.39,304.84,128.17,173.66,187.94,208.87,227.94,247.11,272.91,332.31,446.23,822.95,339.69,159.3,194.88,226.31,242.57,275.07,301.9,326.41,381.61,451.68,836.82,6.2,-6.2,1.4,1.1,-0.5,10.8,0.1,2.2,7.4,8.4,13.5,11.4,24.3,12.2,20.4,16.1,20.7,22.2,19.6,14.8,1.2,1.7
Ilocos Norte,330.63,159.3,189.87,218.56,241.3,256.58,264.3,319.94,371.86,448.96,834.51,364.8,200.06,255.25,262.14,260.92,286.23,324.15,337.15,370.59,458.79,890.26,447.86,304.32,348.45,359.41,388.56,400.86,411.23,456.62,441.13,483.98,881.75,10.3,25.6,34.4,19.9,8.1,11.6,22.7,5.4,-0.3,2.2,6.7,22.8,52.1,36.5,37.1,48.9,40.1,26.9,35.4,19,5.5,-1
Ilocos Sur,289.92,124.03,155.58,170.06,198.9,214.16,242.69,279.47,317.67,422.15,775.35,317.51,125.81,162.14,182.03,196.32,228.43,255.69,287.26,373.19,485.67,877.49,355.63,169.86,215.81,244.55,250.3,278.13,311.49,352.6,382.05,475.93,871.85,9.5,1.4,4.2,7,-1.3,6.7,5.4,2.8,17.5,15.1,13.2,12,35,33.1,34.3,27.5,21.8,21.8,22.8,2.4,-2,-0.6
La Union,334.7,144.75,172.55,205.02,226.4,246.1,279.33,313.24,340.84,508.64,910.51,326.65,134.14,172.74,197.88,203.38,227.79,272.25,296.27,376.63,522.22,860.85,393.32,162.58,207.22,238.58,254.82,286.02,341.18,383.27,445.3,568.23,1042.93,-2.4,-7.3,0.1,-3.5,-10.2,-7.4,-2.5,-5.4,10.5,2.7,-5.5,20.4,21.2,20,20.6,25.3,25.6,25.3,29.4,18.2,8.8,21.2
Pangasinan,264.48,137.5,168.87,190.23,196.59,198.98,221.97,256.11,265.47,372.16,637.14,283.9,123.19,159.76,184.16,195.27,209.43,236.65,257.95,278.15,389.07,802.71,299.75,150.63,194.35,194.35,232.41,234.34,272.33,278.27,308.59,402.26,729.24,7.3,-10.4,-5.4,-3.2,-0.7,5.3,6.6,0.7,4.8,4.5,26,5.6,22.3,21.7,5.5,19,11.9,15.1,7.9,10.9,3.4,-9.2
,,,,,,,,,,,,,,,,,,,,,,,,,,,,,,,,,,,,,,,,,,,,,,,,,,,,,,,
REGION II - CAGAYAN VALLEY,265.03,103.55,135.3,153.63,171,195.43,206.95,246,293.52,370.28,774.89,290.12,118.43,150.27,171.3,185.6,203.52,223.05,252.98,299.43,410.53,885.44,310.55,156.78,194.68,207.73,224.46,242.52,264.85,289.73,344.28,421.77,757.95,9.5,14.4,11.1,11.5,8.5,4.1,7.8,2.8,2,10.9,14.3,7,32.4,29.6,21.3,20.9,19.2,18.7,14.5,15,2.7,-14.4
Batanes,373,165.57,211.5,218.89,243.39,250.79,294.49,346.22,400.79,540.68,1058.45,455.96,180.4,257.8,282.61,247.16,342.58,422.51,474.16,493.01,749.16,1104.4,434.32,180.96,240.53,306.64,297.17,318.27,368.93,398.08,475.82,643.78,1103.96,22.2,9,21.9,29.1,1.6,36.6,43.5,37,23,38.6,4.3,-4.8,0.3,-6.7,8.5,20.2,-7.1,-12.7,-16.1,-3.5,-14.1,0
Cagayan,281.03,104.82,132.99,162.56,177.83,206.9,224.61,270.55,325.29,411.18,794.81,290.35,128.7,153.91,170.04,206.52,207.86,219.89,251.75,320.39,423.75,817.94,330.5,153.16,196.51,219.21,223.59,247.06,282.57,295.29,356.27,438.33,891.46,3.3,22.8,15.7,4.6,16.1,0.5,-2.1,-7,-1.5,3.1,2.9,13.8,19,27.7,28.9,8.3,18.9,28.5,17.3,11.2,3.4,9
Isabela,239.15,99,135.72,144.65,157.36,183.09,191.57,211.75,258.13,319.76,690.84,291.33,109.62,140.15,169.53,173.18,200.69,218.49,243.49,284.78,394.61,976.32,299.46,162.05,198.66,205.25,226.76,241.97,258.02,286.72,334.95,422.19,656.73,21.8,10.7,3.3,17.2,10.1,9.6,14.1,15,10.3,23.4,41.3,2.8,47.8,41.8,21.1,30.9,20.6,18.1,17.8,17.6,7,-32.7
Nueva Vizcaya,300.09,114.42,144.89,163.5,189.58,230.38,227.89,273.17,329.56,435.4,892.22,269.16,118.5,154.94,167.78,186.85,196.85,218.33,255.13,303.01,368.97,719.92,295.27,159.98,181.24,192.21,219.53,236.46,250.51,293.72,323.34,367.68,727.31,-10.3,3.6,6.9,2.6,-1.4,-14.6,-4.2,-6.6,-8.1,-15.3,-19.3,9.7,35,17,14.6,17.5,20.1,14.7,15.1,6.7,-0.4,1
Quirino,282.06,115.32,141.37,157.51,172.24,200.62,204.57,231.28,274.43,349.86,972.24,317.4,143.13,167.65,187,218.42,238.29,244.52,270.07,345.91,442.02,914.1,311.14,151.53,172.06,192.18,196.22,245.97,240.91,275.54,347.93,426.99,859.56,12.5,24.1,18.6,18.7,26.8,18.8,19.5,16.8,26.1,26.3,-6,-2,5.9,2.6,2.8,-10.2,3.2,-1.5,2,0.6,-3.4,-6
,,,,,,,,,,,,,,,,,,,,,,,,,,,,,,,,,,,,,,,,,,,,,,,,,,,,,,,
REGION III - CENTRAL LUZON,333.97,146.19,194.03,219.85,245.9,269.36,306.38,330.57,378.35,457.95,791.36,328.54,151.55,195.69,224.81,237.8,269.82,302.18,330.04,378.32,451.59,743.16,375.24,199.85,250.64,283.39,306.96,328.16,358.54,392.69,428.82,491.51,711.54,-1.6,3.7,0.9,2.3,-3.3,0.2,-1.4,-0.2,0,-1.4,-6.1,14.2,31.9,28.1,26.1,29.1,21.6,18.7,19,13.4,8.8,-4.3
Aurora,284.41,118.49,139.88,167.09,168.05,182.32,192.54,211.07,308.66,430.29,924.32,278.37,111.14,139.94,163.88,180.61,193.74,215.93,258.59,288.87,378.83,850.49,305.27,147.13,177.35,191.61,193.05,222.16,234.1,249.84,315.89,416.21,903.12,-2.1,-6.2,0.1,-1.9,7.5,6.3,12.2,22.5,-6.4,-12,-8,9.7,32.4,26.7,16.9,6.9,14.7,8.4,-3.4,9.4,9.9,6.2
Bataan,397.36,157.64,212.93,246.47,278.5,325.28,344.55,365.71,449.26,506.34,1088.43,372.43,141.8,196.72,231.5,252.16,271.96,310.26,346.15,416.82,461.16,1094.39,387.33,171.24,214.86,236.54,293.56,319.31,342.43,373.08,439.84,539.15,940.88,-6.3,-10.1,-7.6,-6.1,-9.5,-16.4,-10,-5.4,-7.2,-8.9,0.6,4,20.8,9.2,2.2,16.4,17.4,10.4,7.8,5.5,16.9,-14
Bulacan,356.94,164.91,199.94,241.81,266.86,298.96,341.89,342.93,396.58,522.49,792.26,340.37,155.3,214.53,232.33,239.49,290.26,292.99,345.41,379.25,469.35,781.83,371.94,210.14,254.94,287.36,304.74,308.4,364.38,396.1,423.81,505.37,662.34,-4.6,-5.8,7.3,-3.9,-10.3,-2.9,-14.3,0.7,-4.4,-10.2,-1.3,9.3,35.3,18.8,23.7,27.3,6.3,24.4,14.7,11.8,7.7,-15.3
Nueva Ecija,308.78,127.81,160.79,178.66,200.47,230.97,244.32,271.73,324.15,448.1,902.12,267.12,138.1,160.2,174.57,200,222.03,237.85,263.9,283.22,358.99,630.67,323.63,191.23,228.6,245.74,276.03,278.35,313.45,331.85,374.87,396.85,597.76,-13.5,8.1,-0.4,-2.3,-0.2,-3.9,-2.7,-2.9,-12.6,-19.9,-30.1,21.2,38.5,42.7,40.8,38,25.4,31.8,25.8,32.4,10.6,-5.2
Pampanga (Excluding City of Angeles),333.4,197.14,236.94,259.8,286.51,294.3,319.95,319.59,351.99,440.24,628.26,372.14,229.51,255.27,268.36,321.4,323.52,357.28,383.27,422.37,474.66,684.15,431.51,281.58,320.42,348.01,384.56,361.22,417.59,451.39,476.7,521.36,750.26,11.6,16.4,7.7,3.3,12.2,9.9,11.7,19.9,20,7.8,8.9,16,22.7,25.5,29.7,19.7,11.7,16.9,17.8,12.9,9.8,9.7
City of Angeles,398.26,238.82,274.27,296.3,327.18,359.2,364.57,411.67,446.25,492.63,771.37,443.24,268.78,298.43,332.14,342.36,392.27,413.55,433.74,482.5,526.25,939.76,501.93,346.98,406.65,419.96,447.7,486.5,498.54,525.88,562.36,587.66,735.89,11.3,12.6,8.8,12.1,4.6,9.2,13.4,5.4,8.1,6.8,21.8,13.2,29.1,36.3,26.4,30.8,24,20.6,21.2,16.6,11.7,-21.7
Tarlac,280.11,129.2,164.01,197.7,197.96,226.78,243.31,282.01,322.08,399.96,638.19,305.77,153.18,183.73,204.36,230.26,230.24,269.39,306.13,346.76,432.64,699.29,367.82,182.04,254.49,275.75,298.23,324.42,352.28,351.9,396.29,496.58,744.25,9.2,18.6,12,3.4,16.3,1.5,10.7,8.6,7.7,8.2,9.6,20.3,18.8,38.5,34.9,29.5,40.9,30.8,15,14.3,14.8,6.4
Zambales (Excluding City of Olongapo),297.32,125.31,172.23,191.89,202.09,214.61,263.06,308.91,345.83,420.25,729.43,252.06,136.4,149.32,170.66,185.33,206.48,219.66,249.2,269.04,366.25,567.52,302.87,170.4,201.14,225.23,241.74,267.66,270.6,338.5,333.94,393.42,584.55,-15.2,8.9,-13.3,-11.1,-8.3,-3.8,-16.5,-19.3,-22.2,-12.9,-22.2,20.2,24.9,34.7,32,30.4,29.6,23.2,35.8,24.1,7.4,3
City of Olongapo,382.06,194.16,243.77,272.3,271.47,321.06,376.23,397.83,447.04,487.79,808.48,335.53,183.86,221.55,242.95,263.04,311.14,311.72,360.73,385.35,419.61,653.06,385.44,203.61,255.04,273.53,330.48,346.02,353.81,403.69,406.8,494.28,785.15,-12.2,-5.3,-9.1,-10.8,-3.1,-3.1,-17.2,-9.3,-13.8,-14,-19.2,14.9,10.7,15.1,12.6,25.6,11.2,13.5,11.9,5.6,17.8,20.2
,,,,,,,,,,,,,,,,,,,,,,,,,,,,,,,,,,,,,,,,,,,,,,,,,,,,,,,
REGION IVA - CALABARZON,384.17,145.6,197.81,233.8,261.76,304.69,343.05,388.67,448.66,557.77,960.05,361.03,150.33,197.88,230.28,266.65,290.26,330.91,367.28,424.84,496.48,854.5,426.53,187.42,233.96,272.38,305.8,341.81,378.1,441.64,488.57,595.58,1019.18,-6,3.3,0,-1.5,1.9,-4.7,-3.5,-5.5,-5.3,-11,-11,18.1,24.7,18.2,18.3,14.7,17.8,14.3,20.3,15,20,19.3
Batangas,360.56,157.08,184.06,230.72,237.43,290.95,312.86,333.21,406.14,522.23,929.82,356.56,178.31,211.09,240.49,260.32,274.1,329.7,352.78,452.84,460.65,802.69,402.17,195.48,231.59,267.06,296.67,336.08,355.27,387.62,464.57,543.35,942.29,-1.1,13.5,14.7,4.2,9.6,-5.8,5.4,5.9,11.5,-11.8,-13.7,12.8,9.6,9.7,11.1,14,22.6,7.8,9.9,2.6,18,17.4
Cavite,394.68,161.77,236.73,267.22,280.62,322.3,389.99,400.69,486.13,556.06,845.03,392.61,175.43,227.73,272.55,302.79,334.4,351.26,395.95,427.65,517.69,917.27,457.62,223.84,288.1,310.96,339.99,390.59,448.34,458.01,496.89,661.59,954.89,-0.5,8.4,-3.8,2,7.9,3.8,-9.9,-1.2,-12,-6.9,8.6,16.6,27.6,26.5,14.1,12.3,16.8,27.6,15.7,16.2,27.8,4.1
Laguna,400.74,151.4,213.22,236.36,290.49,320.44,353.49,403.05,491.18,587.86,959.56,347.15,149.52,195.41,236.46,260.93,281.53,327.76,376.42,420.15,483.11,737.66,441.89,203.67,260.89,285.19,328.94,356.12,426,434.07,513.06,585.22,1022.61,-13.4,-1.2,-8.4,0,-10.2,-12.1,-7.3,-6.6,-14.5,-17.8,-23.1,27.3,36.2,33.5,20.6,26.1,26.5,30,15.3,22.1,21.1,38.6
Quezon (Excluding City of Lucena),233.29,104.67,131.87,152.76,159.68,177.7,187.17,218.09,256.64,314.62,629.29,221.05,100.55,132.12,144.5,157.41,166.09,181.33,210.93,235.18,298.24,583.05,247.11,146.12,168.03,174.17,190.7,192.09,206.78,234.87,275.04,299,583.16,-5.3,-3.9,0.2,-5.4,-1.4,-6.5,-3.1,-3.3,-8.4,-5.2,-7.4,11.8,45.3,27.2,20.5,21.2,15.7,14,11.4,17,0.3,0
City of Lucena,363.23,163.8,193.26,249.09,242.04,279.45,296.11,335.76,475.74,556.7,841.92,329.7,157.84,195.57,194.3,223.93,247.61,290.3,318.7,370.96,427.01,867.45,361.93,203.6,239.69,254.77,277.54,308.17,334.12,356.47,372.53,500.42,769.16,-9.2,-3.6,1.2,-22,-7.5,-11.4,-2,-5.1,-22,-23.3,3,9.8,29,22.6,31.1,23.9,24.5,15.1,11.9,0.4,17.2,-11.3
Rizal,470.41,193.74,255.84,292.27,321.48,356.4,411.83,450.39,506.95,647.67,1265.74,429.23,205.68,250.78,283.93,312.37,348.92,359.76,428.46,464.58,596.19,1039.72,506.05,217.04,268.61,309.31,349.8,362.08,409.5,516.27,571.15,673.02,1380.41,-8.8,6.2,-2,-2.9,-2.8,-2.1,-12.6,-4.9,-8.4,-8,-17.9,17.9,5.5,7.1,8.9,12,3.8,13.8,20.5,22.9,12.9,32.8
,,,,,,,,,,,,,,,,,,,,,,,,,,,,,,,,,,,,,,,,,,,,,,,,,,,,,,,
MIMAROPA REGION,257.43,110.08,140.37,153.93,164.79,180.16,196.32,225.88,266.42,348.91,787.55,255.08,106.41,132.86,151.01,162.58,180.81,199.37,220.58,263.46,367.4,765.95,267.36,116.34,156.3,162.98,172.13,196.58,208.4,232.37,280.11,344.75,803.43,-0.9,-3.3,-5.4,-1.9,-1.3,0.4,1.6,-2.4,-1.1,5.3,-2.7,4.8,9.3,17.6,7.9,5.9,8.7,4.5,5.3,6.3,-6.2,4.9
Marinduque,248.05,112.35,137.25,153.67,170.36,169.11,186.13,212,274.17,346.26,718.76,226.55,118.04,133.48,143.39,162.09,162.68,187.57,209.76,225.44,328.14,593.93,280.5,155.23,175.26,187.78,208.88,200.75,219.91,249.73,286.29,365.07,754.71,-8.7,5.1,-2.8,-6.7,-4.9,-3.8,0.8,-1.1,-17.8,-5.2,-17.4,23.8,31.5,31.3,31,28.9,23.4,17.2,19.1,27,11.3,27.1
Occidental Mindoro,242.81,83.16,122.86,127.62,146.93,156.46,165.22,198.5,231.43,342.8,852.11,245.1,90.97,121.97,139.92,152.37,165.78,203.84,211.83,275.92,365.74,720.13,269.17,98.01,135.02,161.89,168.61,187.48,192.16,221.99,280.54,373.66,871.5,0.9,9.4,-0.7,9.6,3.7,6,23.4,6.7,19.2,6.7,-15.5,9.8,7.7,10.7,15.7,10.7,13.1,-5.7,4.8,1.7,2.2,21
Oriental Mindoro,296.82,127.4,158.39,165.64,190.92,202.75,211.82,255.65,296.16,397.02,960.77,286.09,103.41,140.42,166.2,173.08,210.44,224.28,263.93,311.07,427.8,835.65,266.37,120.57,162.72,174.33,195.08,226.04,215.53,258.6,274.36,332.71,700.28,-3.6,-18.8,-11.4,0.3,-9.3,3.8,5.9,3.2,5,7.8,-13,-6.9,16.6,15.9,4.9,12.7,7.4,-3.9,-2,-11.8,-22.2,-16.2
Palawan (Excluding City of Puerto Princesa),215.06,120.05,146.69,151.67,162.26,173.98,188.74,205.73,238.13,267.34,496.95,235.61,114.1,137.32,152.85,158.03,177.32,189.26,203.51,228.09,256.95,735.97,244.42,111.91,138.52,156.72,158.55,155.71,188.79,208.56,236,305.81,779.67,9.6,-5,-6.4,0.8,-2.6,1.9,0.3,-1.1,-4.2,-3.9,48.1,3.7,-1.9,0.9,2.5,0.3,-12.2,-0.3,2.5,3.5,19,5.9
City of Puerto Princesa,340.16,153.08,190.32,198.53,223.4,267.5,287.21,339.83,420.35,455.94,864.37,313.17,135.53,162.08,182.78,207.81,227.75,233.12,276.56,369.82,483.57,848.87,354.52,171.34,198.04,226.38,247.88,260.79,297.4,318.59,403.74,523.69,895.34,-7.9,-11.5,-14.8,-7.9,-7,-14.9,-18.8,-18.6,-12,6.1,-1.8,13.2,26.4,22.2,23.9,19.3,14.5,27.6,15.2,9.2,8.3,5.5
Romblon,224.87,106.03,119.87,126.29,131.39,138.65,148.68,170.52,178.38,257.19,871.53,208.27,100.66,114.35,125.93,133.64,136.02,159.26,158.29,186.97,281.67,685.12,239.59,136.6,151.58,157.25,150.35,165.17,165.79,176.77,218.78,309.51,762.35,-7.4,-5.1,-4.6,-0.3,1.7,-1.9,7.1,-7.2,4.8,9.5,-21.4,15,35.7,32.6,24.9,12.5,21.4,4.1,11.7,17,9.9,11.3
,,,,,,,,,,,,,,,,,,,,,,,,,,,,,,,,,,,,,,,,,,,,,,,,,,,,,,,
REGION V - BICOL REGION,234.93,109.5,133.79,142.3,152.48,169.06,186.52,203.88,234.31,332.15,685.15,252.01,112.61,138.8,158.68,162.27,178.79,195.46,215.26,261,359.77,737.23,287.47,142.2,164.95,180.12,197.79,203.84,222.65,243.99,288.1,391.11,839.66,7.3,2.8,3.8,11.5,6.4,5.8,4.8,5.6,11.4,8.3,7.6,14.1,26.3,18.8,13.5,21.9,14,13.9,13.3,10.4,8.7,13.9
Albay,255.12,121.99,137.38,144.22,172.23,190.44,197.26,211.25,266.25,398.2,710.63,293.29,120.64,145.24,176.21,190.31,200.18,234.82,248.24,305.17,455.46,855.34,292.12,151.76,184.25,197.78,200.11,227.58,233.28,259.77,308.5,418.58,737.54,15,-1.1,5.7,22.2,10.5,5.1,19,17.5,14.6,14.4,20.4,-0.4,25.8,26.9,12.2,5.2,13.7,-0.7,4.7,1.1,-8.1,-13.8
Camarines Norte,211.17,108,128.07,143.21,145.28,156.81,167.26,187.94,217.17,300.86,556.71,269.54,115.95,149.24,162.95,168.54,203.05,205.22,241.95,264.91,376.4,804.81,286.82,154.28,180.39,198.29,199.69,215.69,223.57,256.26,263.04,351.01,823.11,27.6,7.4,16.5,13.8,16,29.5,22.7,28.7,22,25.1,44.6,6.4,33.1,20.9,21.7,18.5,6.2,8.9,5.9,-0.7,-6.8,2.3
Camarines Sur,249.7,110.55,142.1,145.27,163.15,173.39,197.75,224.95,249.88,338.8,751.92,240.79,109.24,131.14,151.67,161.06,168.78,195.83,205.54,264.7,342.15,676.5,322.29,135.32,162.63,182,206.55,209.83,245.83,263.34,337.96,520.24,955.9,-3.6,-1.2,-7.7,4.4,-1.3,-2.7,-1,-8.6,5.9,1,-10,33.9,23.9,24,20,28.2,24.3,25.5,28.1,27.7,52.1,41.3
Catanduanes,251.03,120.92,140.09,165.34,166.4,189.88,213.37,210.09,261.19,367.64,676.89,290.67,128.43,159.91,166.79,180.25,197.23,218.83,243.83,299.66,429.62,879.34,282.19,128.45,145.58,166.73,179.07,188.24,203.03,223.58,291.22,404.81,889.03,15.8,6.2,14.1,0.9,8.3,3.9,2.6,16.1,14.7,16.9,29.9,-2.9,0,-9,0,-0.7,-4.6,-7.2,-8.3,-2.8,-5.8,1.1
Masbate,188.23,97.82,110.77,121.29,124.61,138.73,137.99,154.4,175.53,250.87,570.29,212.34,110.12,126.67,141.66,145.41,153.62,163.52,179.49,179.15,269.44,651.87,250.72,144.9,159.68,163.14,186.68,197.65,221.68,209.27,236.82,294.35,690.34,12.8,12.6,14.4,16.8,16.7,10.7,18.5,16.3,2.1,7.4,14.3,18.1,31.6,26.1,15.2,28.4,28.7,35.6,16.6,32.2,9.2,5.9
Sorsogon,232.17,116.97,142.79,153.1,163.25,178.44,186.73,183.96,233.97,299.88,661.75,228.55,119.91,146.77,154.37,164.37,168.3,185.61,196.93,212.22,292.91,642.14,239.54,143.63,155.06,163.8,168.85,185.23,187.73,195.43,221.6,303.92,668.07,-1.6,2.5,2.8,0.8,0.7,-5.7,-0.6,7.1,-9.3,-2.3,-3,4.8,19.8,5.7,6.1,2.7,10.1,1.1,-0.8,4.4,3.8,4
,,,,,,,,,,,,,,,,,,,,,,,,,,,,,,,,,,,,,,,,,,,,,,,,,,,,,,,
REGION VI - WESTERN VISAYAS,283.12,127.1,147.48,164.12,174.22,192.72,204.47,240.02,304.35,416.1,859.7,292.4,116.51,146.89,160.92,172.47,189.16,223.36,248.07,307.53,444.52,914.22,320.23,149.75,173.62,199.64,222.49,241.68,256.44,294.21,336.77,464.72,861.23,3.3,-8.3,-0.4,-2,-1,-1.9,9.2,3.4,1.1,6.8,6.3,9.5,28.5,18.2,24.1,29,27.8,14.8,18.6,9.5,4.5,-5.8
Aklan,271.56,126.21,150.58,170.56,183.35,186.24,197.78,222.74,276.55,366.14,835.44,281.07,118.89,138.13,160.09,172.61,190.45,199.21,224.52,270,404.17,931.76,329.01,176.29,196.43,221.12,246.66,259.54,268.26,286.73,335,486.85,812.01,3.5,-5.8,-8.3,-6.1,-5.9,2.3,0.7,0.8,-2.4,10.4,11.5,17.1,48.3,42.2,38.1,42.9,36.3,34.7,27.7,24.1,20.5,-12.9
Antique,244.71,121.64,138.14,144.16,166.74,177.14,190.1,203.15,288.02,313.3,706.02,266.29,96.84,124.54,141.92,159.34,193.57,203.28,222.52,296.87,397.89,823.11,306.64,136.58,163.68,184.35,197.91,227.21,224.8,287.95,288.86,474.05,878.78,8.8,-20.4,-9.9,-1.6,-4.4,9.3,6.9,9.5,3.1,27,16.6,15.2,41,31.4,29.9,24.2,17.4,10.6,29.4,-2.7,19.1,6.8
Capiz,233.93,137.52,150.38,163.31,170.95,183.73,190.7,208.45,226.09,286.58,620.98,246.89,148.12,175.28,170.23,187.7,192.73,205.06,224.35,240.87,299.11,623.38,267.17,144.64,171.89,195.75,219.14,205.92,236.93,240.27,290.54,336.85,628.55,5.5,7.7,16.6,4.2,9.8,4.9,7.5,7.6,6.5,4.4,0.4,8.2,-2.4,-1.9,15,16.8,6.8,15.5,7.1,20.6,12.6,0.8
Iloilo (Excluding City of Iloilo),284.82,125.17,143.32,150.72,172.38,179.1,202.63,240.68,313.53,453.61,866.13,296.18,113.9,143.56,150.37,153.08,172.84,220.89,255.3,334.74,499.7,914.84,317.32,146.75,165.19,188.28,209.58,236.12,256.32,284.6,332.18,453.98,897.31,4,-9,0.2,-0.2,-11.2,-3.5,9,6.1,6.8,10.2,5.6,7.1,28.8,15.1,25.2,36.9,36.6,16,11.5,-0.8,-9.2,-1.9
City of Iloilo,450.81,192.63,213.9,258.39,277.73,298.43,375.61,401.9,481.92,647.86,1360.15,445.91,169.53,209.88,267.29,276.47,304.78,329.47,411.19,489.96,587.52,1408.69,478.73,221.59,261.94,310.2,373.89,393.68,372.27,474.13,508.76,689.99,1174.44,-1.1,-12,-1.9,3.4,-0.5,2.1,-12.3,2.3,1.7,-9.3,3.6,7.4,30.7,24.8,16.1,35.2,29.2,13,15.3,3.8,17.4,-16.6
Guimaras,261.06,131.75,172.91,166.78,181.83,196.23,205.09,214.48,245.2,313,782.63,242.52,127.71,159.94,156.56,167.85,176.72,168.14,228.77,241.35,286.65,706.37,274.65,184.35,199.47,211.85,220.44,213.93,224.67,250.78,259.41,383.25,595.81,-7.1,-3.1,-7.5,-6.1,-7.7,-9.9,-18,6.7,-1.6,-8.4,-9.7,13.3,44.4,24.7,35.3,31.3,21.1,33.6,9.6,7.5,33.7,-15.7
,,,,,,,,,,,,,,,,,,,,,,,,,,,,,,,,,,,,,,,,,,,,,,,,,,,,,,,
NEGROS ISLAND REGION,248.4,98.23,120.97,142.09,152.43,168.83,187.56,222.71,267.03,361.4,761.01,237.42,98.64,127.14,146.33,157.27,170.34,192.63,216.47,238.78,367.82,657.09,266.29,111.85,136.94,165.32,181.19,196.88,219.93,257.75,301.94,381.97,708.57,-4.4,0.4,5.1,3,3.2,0.9,2.7,-2.8,-10.6,1.8,-13.7,12.2,13.4,7.7,13,15.2,15.6,14.2,19.1,26.5,3.9,7.8
Negros Occidental (Excluding City of Bacolod),211.74,96.98,119.78,135.7,149.04,156.17,174.2,198.28,223.74,291.89,571.13,203.96,104.94,129.71,145.02,152.87,158.57,181.56,188.95,211.21,250.85,514.09,241.78,124.88,142.39,170.59,183.62,186.29,200.26,236.63,272.78,287.63,611.28,-3.7,8.2,8.3,6.9,2.6,1.5,4.2,-4.7,-5.6,-14.1,-10,18.5,19,9.8,17.6,20.1,17.5,10.3,25.2,29.2,14.7,18.9
City of Bacolod,364.55,154.99,186.28,213.21,252.39,272.85,296.2,315.48,423.32,521.55,1010.04,353.24,166.05,198.01,237.36,263.84,284.25,303.46,343.8,393.33,521.38,819.25,367.16,190.26,243.59,268.78,279.99,331.37,344.68,363.89,451.41,505.54,690.35,-3.1,7.1,6.3,11.3,4.5,4.2,2.5,9,-7.1,0,-18.9,3.9,14.6,23,13.2,6.1,16.6,13.6,5.8,14.8,-3,-15.7
Negros Oriental,263.99,89.62,117.75,131.92,145.41,162.01,170.48,215.21,283.65,404.87,918.33,245.49,87.03,104.63,126.61,145.48,158.86,184.04,204.64,242.66,380.1,819.84,263.8,90.38,113.69,128.33,151.45,168.61,199.42,232.92,313.8,387.54,850.15,-7,-2.9,-11.2,-4,0.1,-1.9,8,-4.9,-14.5,-6.1,-10.7,7.5,3.9,8.7,1.4,4.1,6.1,8.4,13.8,29.3,2,3.7
Siquijor,298.62,123.85,140.39,181.15,179.13,201.72,236.47,283.46,282.45,442.05,914.3,323.37,151.06,164.09,166.82,176.55,227.38,252.88,269,328.79,487.65,1002.89,354.96,169.87,178.74,199.59,219.4,222,290.62,312.35,377.46,432.1,1136.51,8.3,22,16.9,-7.9,-1.4,12.7,6.9,-5.1,16.4,10.3,9.7,9.8,12.5,8.9,19.6,24.3,-2.4,14.9,16.1,14.8,-11.4,13.3
,,,,,,,,,,,,,,,,,,,,,,,,,,,,,,,,,,,,,,,,,,,,,,,,,,,,,,,
REGION VII - CENTRAL VISAYAS,317.8,120.55,153.57,175.77,202.62,229.81,261.33,303.21,357.4,454.54,918.82,292.6,102.87,136.34,156.61,192.24,214.71,235.39,275.52,333.75,433.36,844.54,326.94,147.73,190.5,206.01,239.38,269.97,291.37,324.65,386.05,448.08,765.12,-7.9,-14.7,-11.2,-10.9,-5.1,-6.6,-9.9,-9.1,-6.6,-4.7,-8.1,11.7,43.6,39.7,31.5,24.5,25.7,23.8,17.8,15.7,3.4,-9.4
Bohol,293.83,123.25,144.72,163.78,168.54,192.15,229,261.61,309.24,441.46,902.57,247.83,91.74,122.62,151.01,150.4,176.62,202.24,209.67,260.81,390.02,720.31,292.49,123.15,151.89,187.27,202.34,211.31,236.34,277.92,311.3,402.23,817.38,-15.7,-25.6,-15.3,-7.8,-10.8,-8.1,-11.7,-19.9,-15.7,-11.7,-20.2,18,34.2,23.9,24,34.5,19.7,16.9,32.6,19.4,3.1,13.5
Cebu (Excluding the Cities of Cebu  Lapu-Lapu and Mandaue),273.26,112.19,140.11,162.53,181.07,220.29,227.88,275.74,291.32,383.75,738.32,264.27,95.6,122.02,144.92,158.9,195.83,206.56,227.52,293.98,385.23,808.4,293.38,147.26,181.9,191.01,218.99,238,271.18,281.63,328.74,381.89,690.88,-3.3,-14.8,-12.9,-10.8,-12.3,-11.1,-9.4,-17.5,0.9,0.4,9.5,11,54,49.1,31.8,37.8,21.5,31.3,23.8,11.8,-0.9,-14.5
City of Cebu,447.02,153.81,202.83,228.17,257.51,318.79,354.9,424.51,468.15,583.12,1483.55,355.86,163.67,201.54,250.07,254.8,284.56,324.35,354.03,419.27,473.82,829.78,386.39,210.47,249.21,295.3,311.38,335.54,361.6,400.1,461.1,498.9,738.64,-20.4,6.4,-0.6,9.6,-1.1,-10.7,-8.6,-16.6,-10.4,-18.7,-44.1,8.6,28.6,23.7,18.1,22.2,17.9,11.5,13,10,5.3,-11
City of Lapu-Lapu (Opon),383.11,151.3,201.07,222.17,276.47,297.46,337.72,369.29,439.09,596.23,941.97,418.36,159.58,214.49,249.14,278.24,313.38,334.27,400.77,417.26,627.69,1186.21,428.24,200.72,257.91,306.72,328.81,377.13,397.72,456.76,464.48,582.44,906.96,9.2,5.5,6.7,12.1,0.6,5.4,-1,8.5,-5,5.3,25.9,2.4,25.8,20.2,23.1,18.2,20.3,19,14,11.3,-7.2,-23.5
City of Mandaue ,349.01,169.38,208.04,229.77,275.42,314.27,327.09,341.79,403.99,415.53,803.88,348.79,163.68,200.65,238.68,231.56,270.92,316.84,348.53,369.05,434.03,911.66,424.81,205.41,278.58,300.24,366.91,380.13,393.71,444.78,492.57,516.6,867.29,-0.1,-3.4,-3.6,3.9,-15.9,-13.8,-3.1,2,-8.7,4.5,13.4,21.8,25.5,38.8,25.8,58.5,40.3,24.3,27.6,33.5,19,-4.9
,,,,,,,,,,,,,,,,,,,,,,,,,,,,,,,,,,,,,,,,,,,,,,,,,,,,,,,
REGION VIII - EASTERN VISAYAS,226.63,96.35,117.26,128.56,131.43,150.96,168.9,181.21,227.93,330.59,732.91,242.93,100.75,123.41,136.9,148.66,160.7,179.5,202.96,249.62,355.61,769.84,267.33,128.24,152.89,168.93,180.46,196.66,211.64,230.37,267.45,385.17,751.07,7.2,4.6,5.2,6.5,13.1,6.5,6.3,12,9.5,7.6,5,10.1,27.3,23.9,23.4,21.4,22.4,17.9,13.5,7.1,8.3,-2.4
Eastern Samar,197.15,92.14,108.95,116.86,128.56,147.5,146.11,154.68,202.7,270.93,603.15,240.3,101.82,113.85,126.16,136.7,154.36,165.96,198.33,247.39,388.78,767.27,250.69,127.19,147.33,164.98,172.06,170.81,194.99,208.72,250.12,348.57,720.63,21.9,10.5,4.5,8,6.3,4.7,13.6,28.2,22.1,43.5,27.2,4.3,24.9,29.4,30.8,25.9,10.7,17.5,5.2,1.1,-10.3,-6.1
Leyte (Excluding City of Tacloban),211.09,87.97,108.64,119.39,112.66,140.92,159.54,168.93,204.71,302.97,705.35,220.5,93.61,113.65,124.32,140.11,135.42,168.23,183.43,237.2,318.73,688.67,249.97,126.58,148.45,160.35,179.93,186.28,198.57,217.26,243.88,358.23,677.85,4.5,6.4,4.6,4.1,24.4,-3.9,5.5,8.6,15.9,5.2,-2.4,13.4,35.2,30.6,29,28.4,37.6,18,18.5,2.8,12.4,-1.6
City of Tacloban,391.9,144.64,170.12,202.63,214.3,241.08,274.16,378.48,494.22,667.95,1129.98,407.84,138.51,171.45,181.36,204.81,218.31,292.59,338.11,487.79,648.32,1391.96,414.03,175.14,213.51,236.25,251.65,272.89,327.45,372.61,504.51,657.68,1123.33,4.1,-4.2,0.8,-10.5,-4.4,-9.5,6.7,-10.7,-1.3,-2.9,23.2,1.5,26.5,24.5,30.3,22.9,25,11.9,10.2,3.4,1.4,-19.3
Northern Samar,251.15,109.35,123.23,139.43,153.45,155.59,183.18,202.09,238.45,354.7,851.77,261.33,124.38,143.92,166.16,176.84,194.02,206.55,218.9,246.35,362.37,773.08,296.49,140.81,171.01,190.09,221.07,229.6,253.27,271.86,317.04,410.21,757.28,4.1,13.8,16.8,19.2,15.2,24.7,12.8,8.3,3.3,2.2,-9.2,13.5,13.2,18.8,14.4,25,18.3,22.6,24.2,28.7,13.2,-2
Samar (Western Samar),208.98,99.88,125.08,135.81,134.69,139.64,159.49,193.97,195.13,305.61,599.83,226.48,94.5,119.35,133.54,150.12,162.87,170.08,192.94,230.39,290.71,719.08,231.43,112.39,133.66,145.3,165.46,167.61,176.12,190.69,222.13,302.86,697.2,8.4,-5.4,-4.6,-1.7,11.5,16.6,6.6,-0.5,18.1,-4.9,19.9,2.2,18.9,12,8.8,10.2,2.9,3.6,-1.2,-3.6,4.2,-3
Southern Leyte,222.74,108.74,129.88,145.25,151.49,151.28,172.02,187.15,232.79,320.73,627.18,248.87,118.52,139.65,158.11,172.51,175,193.65,213.66,273.31,359.43,682.8,303.51,173.57,177.41,207.04,209.28,224.15,228.49,263.85,314.36,420.25,814.8,11.7,9,7.5,8.9,13.9,15.7,12.6,14.2,17.4,12.1,8.9,22,46.4,27,31,21.3,28.1,18,23.5,15,16.9,19.3
Biliran,265.9,121.45,148.69,152.56,154.29,170.56,180.7,213.87,249.91,371.87,896.52,283.47,112.08,137.77,159.66,156.07,182.28,201.98,228,278.04,461.89,915.24,307.11,157.29,183.43,189.7,203.72,216.78,217.86,237.52,300.08,449.03,912.29,6.6,-7.7,-7.4,4.7,1.2,6.9,11.8,6.6,11.3,24.2,2.1,8.3,40.3,33.1,18.8,30.5,18.9,7.9,4.2,7.9,-2.8,-0.3
,,,,,,,,,,,,,,,,,,,,,,,,,,,,,,,,,,,,,,,,,,,,,,,,,,,,,,,
REGION IX - ZAMBOANGA PENINSULA,227.8,97.1,118.29,134.57,142.23,153.69,174.35,197.67,224.9,329.22,705.65,238.56,98.79,122.84,143.56,152.34,170.69,187.59,203.93,244.73,330.81,729.98,257.14,117.37,143.27,160.99,173.12,192.22,209.69,232.91,263.43,338.14,739.66,4.7,1.7,3.9,6.7,7.1,11.1,7.6,3.2,8.8,0.5,3.5,7.8,18.8,16.6,12.1,13.6,12.6,11.8,14.2,7.6,2.2,1.3
Zamboanga Del Norte,201.07,90.36,111.05,117.65,128.14,137.95,144.84,172.42,199.74,285.55,623.45,218.83,98.38,118.14,131.5,138.16,148.46,154.91,169.42,208.54,302.54,715.29,237.56,128.39,137.52,158.4,166.56,173.36,183.61,195.29,224.53,278.83,726.91,8.8,8.9,6.4,11.8,7.8,7.6,7,-1.7,4.4,6,14.7,8.6,30.5,16.4,20.5,20.6,16.8,18.5,15.3,7.7,-7.8,1.6
Zamboanga Del Sur (Excluding City of Zamboanga),187.54,90.47,111.19,118.25,131.98,130.46,140.82,156.82,180.02,245.68,570.63,226.94,91.35,108.44,129.29,142.22,149.1,175.41,192.68,222.3,326.4,729.25,231.55,90.81,119.86,135.68,136.96,155,174.41,185.5,219.05,334.35,760.72,21,1,-2.5,9.3,7.8,14.3,24.6,22.9,23.5,32.9,27.8,2,-0.6,10.5,5,-3.7,4,-0.6,-3.7,-1.5,2.4,4.3
City of Zamboanga,302.84,173.02,180.99,202.3,211.78,214.09,245.79,260.46,329.42,431.38,780.34,272.75,169.61,183.7,204.61,207.51,219.32,247.08,255.41,289.69,341.29,607.42,296.27,200.69,223.74,241.32,247.6,256.4,272.98,275.46,305.68,353.94,583.22,-9.9,-2,1.5,1.1,-2,2.4,0.5,-1.9,-12.1,-20.9,-22.2,8.6,18.3,21.8,17.9,19.3,16.9,10.5,7.9,5.5,3.7,-4
Zamboanga Sibugay,228.96,97.38,110.01,113.89,133.27,132.73,146.81,170.69,196.53,298.89,888.2,240.96,94.64,117.7,116.05,137.82,142.7,154.61,184.47,204.92,303.03,951.17,261.55,123.46,138.92,143.16,150.25,158.56,176.91,205.06,249.24,348.63,919.65,5.2,-2.8,7,1.9,3.4,7.5,5.3,8.1,4.3,1.4,7.1,8.6,30.5,18,23.4,9,11.1,14.4,11.2,21.6,15.1,-3.3
Isabela City,203.76,108.12,123.45,124.52,137.62,130.2,153.82,157.5,201.72,330.02,569.06,232.01,124.01,146.45,158.81,174.57,188.05,208.43,221.75,224.84,316.92,551.81,314.3,201.78,211.73,230.45,238.6,249.22,249.71,278.24,343.83,408.58,725.78,13.9,14.7,18.6,27.5,26.9,44.4,35.5,40.8,11.5,-4,-3,35.5,62.7,44.6,45.1,36.7,32.5,19.8,25.5,52.9,28.9,31.5
,,,,,,,,,,,,,,,,,,,,,,,,,,,,,,,,,,,,,,,,,,,,,,,,,,,,,,,
REGION X - NORTHERN MINDANAO,250.36,110.89,129.85,142.3,154.11,172.98,193.16,224.63,267.58,369.38,738.75,257.46,109.29,136.21,151.42,168.19,180.86,198.24,232.16,266.44,378.96,752.39,296.5,133.92,162.36,181.09,198.43,221.12,242.31,278.41,318.35,408.01,820.42,2.8,-1.4,4.9,6.4,9.1,4.6,2.6,3.4,-0.4,2.6,1.9,15.2,22.5,19.2,19.6,18,22.3,22.2,19.9,19.5,7.7,9
Bukidnon,224.22,103.69,122.51,132.81,144.91,151.73,178.11,186.61,243.7,294.31,682.94,246.89,99.02,127.84,141.98,147,181.36,197.24,212.03,251.87,349.04,760.06,254.87,129.69,144.06,166.4,178.42,203.38,228.2,248.08,275.15,327.31,647.21,10.1,-4.5,4.4,6.9,1.5,19.5,10.7,13.6,3.4,18.6,11.3,3.2,31,12.7,17.2,21.4,12.1,15.7,17,9.2,-6.2,-14.9
Camiguin,244.83,111.87,150.31,151.93,164.4,173.26,213.4,239.17,270.8,340.96,631.46,290.84,118.03,152.51,183.24,174.06,189.46,214.35,245.39,277.67,409.57,937.89,324.4,166.3,195.61,187.35,221.01,228.77,235.6,287.33,320.47,503.1,892.82,18.8,5.5,1.5,20.6,5.9,9.4,0.5,2.6,2.5,20.1,48.5,11.5,40.9,28.3,2.2,27,20.8,9.9,17.1,15.4,22.8,-4.8
Lanao Del Norte (Excluding City of Iligan),207.33,116.36,131.8,145.6,148.61,162.08,171.39,173.36,199.78,270.93,553.36,185.63,97.92,116.65,127.77,139.64,141.17,157.03,166.88,198.85,232.8,476.52,253.75,122.26,138.83,149.72,158.35,179.49,175.93,195.39,241.91,314.21,859.88,-10.5,-15.9,-11.5,-12.3,-6,-12.9,-8.4,-3.7,-0.5,-14.1,-13.9,36.7,24.9,19,17.2,13.4,27.1,12,17.1,21.7,35,80.5
City of Iligan,286.19,116.11,146.63,168.48,181.89,219.31,236.64,275.5,331.75,448.6,736.7,293.81,131.27,167.93,175.62,198.79,208.09,249.95,287.51,343.31,404.46,769.97,385.26,151.47,219.36,218.32,251.66,261.97,324.06,358.48,419.84,530.05,1115.22,2.7,13.1,14.5,4.2,9.3,-5.1,5.6,4.4,3.5,-9.8,4.5,31.1,15.4,30.6,24.3,26.6,25.9,29.7,24.7,22.3,31.1,44.8
Misamis Occidental,213.92,108.96,123.17,136.93,141.06,148.36,168.35,179.42,218.77,319.88,594.61,247.68,123.91,145.71,156.41,180.96,165.4,171.57,195.39,230.68,331.25,774.85,282.33,124.96,161.87,160.18,179.88,199,201.74,221.84,274.07,426.78,871.79,15.8,13.7,18.3,14.2,28.3,11.5,1.9,8.9,5.4,3.6,30.3,14,0.9,11.1,2.4,-0.6,20.3,17.6,13.5,18.8,28.8,12.5
Misamis Oriental (Excluding City of Cagayan de Oro),235.79,106.97,125.19,136.83,154.35,172.67,192.97,225.61,245.21,317.28,681.81,231.72,112.52,138.34,146.67,160.1,177.24,187.55,215.81,237.46,313.65,627.06,285,153.14,178.98,200.16,204.55,233.15,230.19,269.43,288.29,393.48,696.79,-1.7,5.2,10.5,7.2,3.7,2.7,-2.8,-4.3,-3.2,-1.1,-8,23,36.1,29.4,36.5,27.8,31.6,22.7,24.9,21.4,25.5,11.1
City of Cagayan de Oro,362.43,134.55,168.66,197.21,216.82,260.02,287.26,357.73,406.68,553.08,1040.86,353.5,158.18,179.52,195.08,217.52,259.74,286.13,352.32,411,494.51,979.69,386.93,189.7,219.52,251.92,276.51,302.03,371.89,370.96,408.55,502.21,972.35,-2.5,17.6,6.4,-1.1,0.3,-0.1,-0.4,-1.5,1.1,-10.6,-5.9,9.5,19.9,22.3,29.1,27.1,16.3,30,5.3,-0.6,1.6,-0.8
,,,,,,,,,,,,,,,,,,,,,,,,,,,,,,,,,,,,,,,,,,,,,,,,,,,,,,,
REGION XI - DAVAO REGION,269.91,111.62,138.59,155.68,173.52,196.34,214.49,250.77,295.19,395.55,758.46,281.88,115.58,147.53,165.37,178.11,203.07,225.33,255.87,303,389.91,834.61,318.95,135.53,170.06,184.17,205.78,234.85,257.06,291.2,345.13,453.27,911.95,4.4,3.6,6.5,6.2,2.7,3.4,5.1,2,2.7,-1.4,10,13.2,17.3,15.3,11.4,15.5,15.7,14.1,13.8,13.9,16.3,9.3
Davao Del Norte,262.4,125.57,161.36,170.44,197.82,194.69,218.43,243.17,286.46,335.11,689.8,255.12,130.45,161.1,175.32,187.23,210.28,213.62,244.11,276.34,323.46,628.51,264.91,147.78,178.36,193.8,218.47,224.19,232.65,260.58,283.87,325.07,582.95,-2.8,3.9,-0.2,2.9,-5.4,8,-2.2,0.4,-3.5,-3.5,-8.9,3.8,13.3,10.7,10.5,16.7,6.6,8.9,6.8,2.7,0.5,-7.3
Davao Del Sur (Excluding City of Davao),252.94,111.75,135.86,155.04,159.66,183.77,185.35,211.84,244.52,328.96,812.61,260.34,115.15,143.42,155.9,177.08,191.48,205.36,235.04,244.42,315.22,819.55,292.43,140.41,170.84,186.15,191.11,220.31,235.46,268.36,289.29,393.69,827.51,2.9,3,5.6,0.6,10.9,4.2,10.8,11,0,-4.2,0.9,12.3,21.9,19.1,19.4,7.9,15.1,14.7,14.2,18.4,24.9,1
City of Davao,341.91,139.07,182.14,220.7,230.05,262.12,298.51,338.01,413.43,475.12,860.16,368.45,154.41,188.17,216.7,233.91,266.41,296,342.96,408.75,460.59,1114.68,412.91,136.1,187.5,224.85,280.5,301.68,339.37,387.29,488.58,552.98,1227.27,7.8,11,3.3,-1.8,1.7,1.6,-0.8,1.5,-1.1,-3.1,29.6,12.1,-11.9,-0.4,3.8,19.9,13.2,14.7,12.9,19.5,20.1,10.1
Davao Oriental,195.32,110.06,121.37,135.63,136.27,135.69,143.76,154.08,178.97,240.53,597.26,210.21,120.02,143.99,148.71,151.1,148.68,166.88,184.33,199.54,257.73,580.46,217.75,143.23,148.75,164.94,161.98,177.32,171.41,188.89,217.38,271,531.31,7.6,9.1,18.6,9.6,10.9,9.6,16.1,19.6,11.5,7.2,-2.8,3.6,19.3,3.3,10.9,7.2,19.3,2.7,2.5,8.9,5.2,-8.5
Davao De Oro,218.34,103.99,134.07,140.69,141.58,161.32,196.58,196.56,231.22,262.16,614.74,205.53,103.77,118.7,136.95,147.4,165.93,180.24,186.6,202.51,275.2,534.82,277.72,148.71,171.72,189.89,212.72,217.12,235.21,241.42,280.34,357.12,721.42,-5.9,-0.2,-11.5,-2.7,4.1,2.9,-8.3,-5.1,-12.4,5,-13,35.1,43.3,44.7,38.7,44.3,30.9,30.5,29.4,38.4,29.8,34.9
Davao Occidental,164.87,91.22,106.91,104.14,117.2,126.24,131.46,148.03,152.22,202.78,443.25,174.32,84.93,102.33,113.58,125.53,132.48,141.73,150.36,159,214.45,516.92,205.8,115.95,135.73,140.47,147.38,165.35,177.05,181.39,183.32,246.55,563.7,5.7,-6.9,-4.3,9.1,7.1,4.9,7.8,1.6,4.5,5.8,16.6,18.1,36.5,32.7,23.7,17.4,24.8,24.9,20.6,15.3,15,9.1
,,,,,,,,,,,,,,,,,,,,,,,,,,,,,,,,,,,,,,,,,,,,,,,,,,,,,,,
REGION XII - SOCCSKSARGEN1/,242.74,80.08,111.09,132.04,145.6,168.57,193.66,213.14,251.18,324.15,807.48,234.97,92.85,113.25,132.62,148.36,163.31,181.38,207.4,256.21,324.86,728.75,282.44,112.68,139.67,160.87,175.74,196.07,215.6,252.17,289.8,355.9,906.61,-3.2,16,1.9,0.4,1.9,-3.1,-6.3,-2.7,2,0.2,-9.8,20.2,21.4,23.3,21.3,18.5,20.1,18.9,21.6,13.1,9.6,24.4
Cotabato (North Cotabato),261.07,85.61,107.99,131.76,140.44,162.41,194.88,218.27,242.96,317.52,1008.24,231.21,110.14,123.13,137.48,157.56,164.54,179.64,207.82,253,315.29,660.83,308.53,119.52,154.46,175.69,195.32,215.19,239.3,277.73,315.12,409.87,978.86,-11.4,28.7,14,4.3,12.2,1.3,-7.8,-4.8,4.1,-0.7,-34.5,33.4,8.5,25.4,27.8,24,30.8,33.2,33.6,24.6,30,48.1
South Cotabato (Excluding City of General Santos),266.51,93.09,122.33,148.88,164.57,178.79,204.59,224.25,271.07,362.78,895.13,248.74,83.55,115.64,135.52,153.91,172.29,207.43,232.8,242.56,359.18,782.31,251.85,114.48,141.88,160.55,177.71,195.65,209.91,230.17,277.3,320.86,686.88,-6.7,-10.3,-5.5,-9,-6.5,-3.6,1.4,3.8,-10.5,-1,-12.6,1.3,37,22.7,18.5,15.5,13.6,1.2,-1.1,14.3,-10.7,-12.2
City of General Santos (Dadiangas),285.49,121.68,158.88,183.27,215.62,223.07,233.26,261.12,324.14,416.87,717.58,311.34,114.42,146.7,159.55,189.81,210.84,236.62,272.76,319.72,411.63,1047.77,331.82,154.66,184.44,209.45,216.74,249.06,280.7,310.63,348.23,488.07,872.44,9.1,-6,-7.7,-12.9,-12,-5.5,1.4,4.5,-1.4,-1.3,46,6.6,35.2,25.7,31.3,14.2,18.1,18.6,13.9,8.9,18.6,-16.7
Sultan Kudarat,205.16,79.58,106.52,119.38,131.97,143,179.21,187.95,216.59,286.93,600.97,205.95,89.75,103.41,118.18,141.22,146.36,153.79,173.74,218.57,322.48,591.04,293.83,102.15,122.92,131.75,151.12,158.62,175.73,198.47,250.4,313.29,1330.8,0.4,12.8,-2.9,-1,7,2.4,-14.2,-7.6,0.9,12.4,-1.7,42.7,13.8,18.9,11.5,7,8.4,14.3,14.2,14.6,-2.9,125.2
Sarangani,156.05,58.67,78.17,93.88,111.02,120.92,138.84,153.09,181.15,211.78,413.63,171.13,72.02,91.43,102.5,121.96,126.32,136.2,158.22,171.89,218.56,511.59,203.58,97.64,125.6,134.17,145.07,161.52,167.01,182.65,225.85,290.85,504.22,9.7,22.8,17,9.2,9.9,4.5,-1.9,3.4,-5.1,3.2,23.7,19,35.6,37.4,30.9,19,27.9,22.6,15.4,31.4,33.1,-1.4
,,,,,,,,,,,,,,,,,,,,,,,,,,,,,,,,,,,,,,,,,,,,,,,,,,,,,,,
CARAGA,242.75,97.99,120.49,135.86,150.55,161.64,176.08,205.11,241.26,333.67,805.15,249.77,102.13,123.72,133.97,147.24,162.73,183.45,206.66,243.55,359.39,834.21,276.57,130.19,157.44,170.61,189.64,202.88,221.13,236.54,284.11,370.29,802.02,2.9,4.2,2.7,-1.4,-2.2,0.7,4.2,0.8,1,7.7,3.6,10.7,27.5,27.3,27.4,28.8,24.7,20.5,14.5,16.7,3,-3.9
Agusan Del Norte (Excluding City of Butuan),206.84,92.23,115.67,127.57,135.78,138.71,170.04,184.06,222.9,267.98,614.63,246.44,101.41,127.91,141.68,145.79,162.87,176.73,211.53,235.38,341.72,818.08,247.8,118.15,144.94,152.14,180.16,193.91,205.95,236.77,265.02,344.06,634.57,19.1,10,10.6,11.1,7.4,17.4,3.9,14.9,5.6,27.5,33.1,0.6,16.5,13.3,7.4,23.6,19.1,16.5,11.9,12.6,0.7,-22.4
City of Butuan,294.43,105.07,122.96,152.26,171.43,191.01,224.79,252.2,320.72,441.13,963.44,309.09,107.47,129.13,151.44,166.45,207.95,233.19,268.38,316.55,492.82,1016.52,378.89,131.93,171.99,206.99,219.36,246.16,262.06,336.44,446.25,585.38,1179.79,5,2.3,5,-0.5,-2.9,8.9,3.7,6.4,-1.3,11.7,5.5,22.6,22.8,33.2,36.7,31.8,18.4,12.4,25.4,41,18.8,16.1
Agusan Del Sur,229.72,92.12,114.43,126.2,133.19,152.9,161.96,173.43,202.71,285.23,856.11,214.59,95.62,115.76,117.64,133.61,139.61,161.56,183.19,205.44,277.75,714.42,224.15,117.9,140.17,150.77,155.48,170.44,179.59,201,205.11,280.25,638.58,-6.6,3.8,1.2,-6.8,0.3,-8.7,-0.3,5.6,1.4,-2.6,-16.6,4.5,23.3,21.1,28.2,16.4,22.1,11.2,9.7,-0.2,0.9,-10.6
Surigao Del Norte,249.37,105.25,136.48,139.72,155.68,183.08,179.32,212.77,249.85,341.37,791.47,261.95,106.9,123.71,136.26,159.97,176.45,179.42,209.97,245.52,362.22,914.74,333.69,162.08,190.28,225.37,217.03,256.49,251.32,304.27,320.33,473.01,935.62,5.1,1.6,-9.4,-2.5,2.8,-3.6,0.1,-1.3,-1.7,6.1,15.6,27.4,51.6,53.8,65.4,35.7,45.4,40.1,44.9,30.5,30.6,2.3
Surigao Del Sur,251.62,104.59,123.91,153.22,149.89,164.68,198.93,215.65,262.23,347.35,793.98,249.8,109.49,126.29,137.76,157.68,167.87,176.34,204.77,247.31,369.45,798.29,247.8,156.98,166.02,179.22,190.6,202.77,202.77,229.21,230.68,305.38,613.13,-0.7,4.7,1.9,-10.1,5.2,1.9,-11.4,-5.1,-5.7,6.4,0.5,-0.8,43.4,31.5,30.1,20.9,20.8,15,11.9,-6.7,-17.3,-23.2
Dinagat Islands,204.1,91.46,121.17,129,144.52,148.81,168.41,169.05,200.19,259.65,608.53,238.07,106.11,129.73,130.17,154.41,162.95,176.26,214.74,259.27,325.51,717.81,258.84,124.18,146.29,162.74,171.6,186.68,231.77,243.52,267.21,344.91,704.46,16.6,16,7.1,0.9,6.8,9.5,4.7,27,29.5,25.4,18,8.7,17,12.8,25,11.1,14.6,31.5,13.4,3.1,6,-1.9
,,,,,,,,,,,,,,,,,,,,,,,,,,,,,,,,,,,,,,,,,,,,,,,,,,,,,,,
BARMM - BANGSAMORO AUTONOMOUS REGION IN MUSLIM MINDANAO (includes the 63 barangays from Cotabato for 2023)2/,166.93,104.35,122.54,125.94,133.17,139.84,146.78,152.27,168.33,203.57,372.32,188.53,110.71,133.56,148.7,166.99,175.8,183.4,195.89,196.43,219.11,354.42,206.88,141.47,156.26,176.85,182.87,191.78,198.31,202.73,218.31,238.24,367.83,12.9,6.1,9,18.1,25.4,25.7,25,28.7,16.7,7.6,-4.8,9.7,27.8,17,18.9,9.5,9.1,8.1,3.5,11.1,8.7,3.8
Basilan,137.23,90.26,102.66,103.01,111.66,111.14,117.15,129.62,132.03,165.79,309.54,159.71,98.81,113.24,119.3,123.16,135.78,143.14,141.95,153.3,182.32,385.05,197.82,165.42,166.24,173.83,189.79,176.51,188.94,182.36,189.81,209.84,335.08,16.4,9.5,10.3,15.8,10.3,22.2,22.2,9.5,16.1,10,24.4,23.9,67.4,46.8,45.7,54.1,30,32,28.5,23.8,15.1,-13
Lanao Del Sur,171.26,100.92,121.55,129.97,132.1,143.91,153.84,155.07,170.84,200.54,403.59,244.71,216.48,237.38,228.24,229.45,236.5,239.73,229.82,237.8,245.66,345.65,257.47,224.47,232.86,229.05,233.46,237.23,229.93,225.75,240.33,256.74,464.62,42.9,114.5,95.3,75.6,73.7,64.3,55.8,48.2,39.2,22.5,-14.4,5.2,3.7,-1.9,0.4,1.7,0.3,-4.1,-1.8,1.1,4.5,34.4
Maguindanao ,168,98.83,118.65,122.08,134.82,147.18,156.89,156.8,174.85,211.35,358.85,160.81,103.38,116.06,126.25,129.75,146.22,150.15,164.84,166.13,179.8,324.37,156.02,127.46,138.49,136.93,139.86,149.51,148.33,150.72,154.72,166.57,247.29,-4.3,4.6,-2.2,3.4,-3.8,-0.7,-4.3,5.1,-5,-14.9,-9.6,-3,23.3,19.3,8.5,7.8,2.3,-1.2,-8.6,-6.9,-7.4,-23.8
Maguindanao del Norte,,,,,,,,,,,,,,,,,,,,,,,161.89,132.78,139.52,137.96,139.33,150.14,153.43,152.88,156.72,174.92,281.04,,,,,,,,,,,,,,,,,,,,,,
Maguindanao del Sur,,,,,,,,,,,,,,,,,,,,,,,150.8,122.77,137.57,136.01,140.33,148.95,143.8,148.82,152.93,159.13,217.42,,,,,,,,,,,,,,,,,,,,,,
Sulu,138.85,120.03,127.35,131.11,128.88,132.11,127.31,128.57,129.54,135.13,228.07,159.3,112.57,145.75,146.17,155.08,153.69,156.61,155.5,160.5,172.44,234.24,228.09,176.8,194.81,196.54,200.25,206.99,201.81,234.48,235.5,276.24,356.75,14.7,-6.2,14.5,11.5,20.3,16.3,23,21,23.9,27.6,2.7,43.2,57.1,33.7,34.5,29.1,34.7,28.9,50.8,46.7,60.2,52.3
Tawi-Tawi,184.12,135.53,145.36,146.73,155.6,155.63,174.49,168.37,189.65,223.07,346.84,189.67,117.04,132.14,139.89,151.76,160.69,170.23,185.58,203.64,249.93,384.63,190,129.74,139.55,155.36,160.98,168,178.64,188.2,210.07,243.74,324.44,3,-13.6,-9.1,-4.7,-2.5,3.3,-2.4,10.2,7.4,12,10.9,0.2,10.8,5.6,11.1,6.1,4.6,4.9,1.4,3.2,-2.5,-15.6
Cotabato City,231.5,127.37,142.69,152.2,173.24,170.74,186.36,211.83,259.44,328.12,564.37,229.26,130.01,142.86,154.45,179.8,195.98,190.62,207.03,235.85,270.9,584.14,232.51,163.14,181.23,181.69,186.09,190.08,207.14,211.41,249.06,274.52,478.52,-1,2.1,0.1,1.5,3.8,14.8,2.3,-2.3,-9.1,-17.4,3.5,1.4,25.5,26.9,17.6,3.5,-3,8.7,2.1,5.6,1.3,-18.1
"Source: Family Income and Expenditure Survey, Philippine Statistics Authority",,,,,,,,,,,,,,,,,,,,,,,,,,,,,,,,,,,,,,,,,,,,,,,,,,,,,,,
,,,,,,,,,,,,,,,,,,,,,,,,,,,,,,,,,,,,,,,,,,,,,,,,,,,,,,,
Notes:,,,,,,,,,,,,,,,,,,,,,,,,,,,,,,,,,,,,,,,,,,,,,,,,,,,,,,,
p - Estimates are preliminary and may change,,,,,,,,,,,,,,,,,,,,,,,,,,,,,,,,,,,,,,,,,,,,,,,,,,,,,,,
"1/ The 2018 and 2021 estimates still include the 63 barangays from North Cotabato. Meanwhile, in 2023, these are part of BARMM already. Hence, estimates for 2018 and 2021, and 2023 for Region XII are not comparable.",,,,,,,,,,,,,,,,,,,,,,,,,,,,,,,,,,,,,,,,,,,,,,,,,,,,,,,
"2/ The 2018 and 2021 estimates exclude the 63 barangays from North Cotabato, which are now part of BARMM in 2023. Hence, estimates for 2018 and 2021, and 2023 for BARMM are not comparable.",,,,,,,,,,,,,,,,,,,,,,,,,,,,,,,,,,,,,,,,,,,,,,,,,,,,,,,
